name,count
Oscar Isaac,1
Jacob Elordi,1
Christoph Waltz,1
Mia Goth,1
Felix Kammerer,1
Charles Dance,1
David Bradley,1
Lars Mikkelsen,1
Christian Convery,1
Nikolaj Lie Kaas,1
Kyle Gatehouse,1
Lauren Collins,1
Sofia Galasso,1
Joachim Fjelstrup,1
Ralph Ineson,1
Peter Millard,1
Peter MacNeill,1
Burn Gorman,1
Sean Sullivan,1
Stuart Hughes,1
Gord Rand,1
Kenton Craig,1
Val Ovtcharov,1
Anders Yates,1
Adam Brown,1
Santiago Segura,1
Dexter Stokes-Mellor,1
Shian Denovan,1
Mark Steger,1
Rafe Harwood,1
Gregory Mann,1
Roberto Campanella,1
Rebecca Lawson-Turner,1
Warren Albert,1
Kim Morgan,1
Chris Andrews,1
Lewis Landini,1
William John Banks,1
Tess Letham,1
Alexandros Beshonges,1
Maria Peneva,1
Kieran Brown,1
Jessica Roberts Smith,1
Rachel Elderkin,1
Jennifer Steele,1
Jorja Follina,1
Malcolm Sutherland,1
Alex Henderson,1
Luke Watson,1
Yasmin Hepburn,1
Pawel Wieczorek,1
Kevin James,1
Alan Ritchson,1
Sarah Chalke,1
Isla Fisher,1
Alan Tudyk,1
Stephen Root,1
Benjamin Pajak,1
Banks Pierce,1
Jason William Day,1
Hiro Kanagawa,1
Kiefer O'Reilly,1
Chase Petriw,1
Lauren Bradley,1
Sarah Surh,1
AJ Kostynick,1
Sabrina Elba,1
Massiel Taveras,1
Miles Fisher,1
Kurt Long,1
Kalyn Harper,1
Luke Greenfield,1
Peter New,1
Benjamin Goas,1
Elenna Anastacio,1
Kian Pitman,1
Patti Gervan,1
Chase Nicholson,1
Beth Greenfield,1
Tess Atkins,1
Amanda Vredegoor,1
Aron Cihelka,1
Simon Turner,1
Pedram Younesi,1
Cameron Michael Hallman,1
Xavier Morrison,1
Callum Volman,1
Kairo Ellis,1
Haven Markus,1
Kalayna Kozak,1
James Song,1
Christina Rivington,1
Sarah Hayward,1
Francisca Dennis,1
Anthony Bailey,1
Paul Walter Hauser,1
Leonardo DiCaprio,1
Sean Penn,1
Chase Infiniti,1
Benicio del Toro,1
Regina Hall,1
Teyana Taylor,1
Wood Harris,1
Tony Goldwyn,1
D.W. Moffett,1
Paul Grimstad,1
Dijon,1
Kevin Tighe,1
John Hoogenakker,1
Eric Schweig,1
April Grace,1
Jim Downey,1
Alana Haim,1
Shayna McHayle,1
Brooklyn Demme,1
Sachi Diserafino,1
Melissa Dueñas,1
Starletta DuPois,1
Vanessa Ganter,1
Otillia Gupta,1
Nia Leon,1
Peter N. Lyas III,1
Joe Silva,1
Jeffrey Massagli,1
Nicole J. Sunseri,1
Tisha Sloan,1
Alberto Garcia,1
Antonio Tadeo Garcia,1
Patricia Ridgely-Storm,1
Ted McCarthy,1
Jeremy Boone,1
James Raterman,1
Bryan Pickens,1
Travis Johnston,1
Matthew Demildt,1
Jason Belford,1
Matthew McDonnell,1
Jose L Barreiro,1
Quentin L. Carter,1
Brian Bishop,1
Daniel Zinoviev,1
Steven Knoll,1
Sam Hunter,1
Louis Hoffman,1
Steven P. Jacobson,1
Justin Millmore,1
Peter Sutherland,1
Carlos McFarland,1
Colton Gantt,1
Elisabeth Pease,1
Autumn Crosswhite,1
Mickey Giacomazzi,1
Omar Khattab,1
Stephanie Coker Aderonokun,1
Kayla Harvey,1
Kimberlyn Ramirez Moreno,1
Sydney Ann Taylor,1
Maria Fernanda Jimenez Nava,1
Jena Malone,1
Dan Chariton,1
Sandra Iturbe,1
Marisela Borjas Ramirez,1
Derrick J. Saenz,1
Esperanza Rodarte De Santoyo,1
Hadasa Genesaret Palomares,1
Gilberto Martinez Jr.,1
Luis Trejo,1
Julian Corral,1
Elijah Joseph Sambrano,1
Sherron Gassoway,1
Pearl Minnie Anderson,1
Sister Kate,1
Sister Halla,1
Sister Lilly,1
Sister Esme,1
Sister Karina,1
Sister Laura,1
Sister Delphi,1
Sister Yuka,1
Bella Feinstein,1
Madison Feinstein,1
Tuesday Hansen,1
Zoe Herschlag,1
J. Izon,1
Joanna Scott Satterwhite,1
Robert Sherock,1
Lynette M. Telles,1
Pamela Limbaugh-Brouhard,1
Antonio Garcia,1
Emilio Carranza,1
Juan V. Ramirez,1
Ron Bermudez Perea,1
Edith Ascencion,1
David Reynoso,1
Timothy Cruz Kravitz,1
Jon Beavers,1
Anthony Weise,1
Taylour Paige,1
Jovan Adepo,1
James Remar,1
Stephen Rider,1
Matilda Lawler,1
Amanda Christine,1
Clara Stack,1
Blake Cameron James,1
Arian S. Cartaya,1
Peter Outerbridge,1
Chris Chalk,1
Mikkal Karim Fidler,1
Matilda Legault,1
Jack Molloy Legault,1
Miles Ekhardt,1
Elle Fanning,1
Dimitrius Schuster-Koloamatangi,1
Rohinal Nayaran,1
Michael Homick,1
Stefan Grube,1
Reuben De Jong,1
Cameron Brown,1
Alison Wright,1
Matt Duffer,1
Ross Duffer,1
Millie Bobby Brown,1
Finn Wolfhard,1
Noah Schnapp,1
Gaten Matarazzo,1
Caleb McLaughlin,1
Sadie Sink,1
David Harbour,1
Winona Ryder,1
Natalia Dyer,1
Joe Keery,1
Charlie Heaton,1
Priah Ferguson,1
Maya Hawke,1
Brett Gelman,1
Jamie Campbell Bower,1
Nell Fisher,1
Amybeth McNulty,1
Alex Breaux,1
Linda Hamilton,1
Nattawin Wattanagitiphat,1
Witsarut Himmarat,1
Supassara Thanachart,1
Sadanont Durongkhaweroj,1
Ongart Cheamcharoenpornkul,1
Patara Eksangkul,1
Akarin Akaranitimaytharatt,1
Sirin Horwang,1
Akarat Nimitchai,1
Sumet Ong-ard,1
Kittikhun Chartthongkham,1
Bront Palarae,1
Isariya Chanopala,1
Natchaphat Kerdmuangsamut,1
Sasit Chatpiroonpun,1
Pongphan Chitravit,1
Wacharin Anantapong,1
Pavaroot Siriariyasub,1
Maneesida Hatthakij,1
Usa Thurnpanom,1
Yasaka Chaisorn,1
Pongsawas Chayatawat,1
Ethan Hawke,1
Mason Thames,1
Madeleine McGraw,1
Demián Bichir,1
Miguel Mora,1
Jeremy Davies,1
Arianna Rivas,1
Maev Beaty,1
Graham Abbey,1
James Ransone,1
Anna Lore,1
Simon Webster,1
Shepherd Munroe,1
Chase B. Robertson,1
Dexter Bolduc,1
Jazlyn Wong-Lee,1
Julien Norman,1
Jacob Moran,1
